{"bpm": 112.34999999999901, "t0": 0.5572653485070087, "barlen": 2.136181575433931, "beat_period_s": 0.5340453938584827, "downbeats": [0.5572653485070087, 2.6934469239409395, 4.82962849937487, 6.9658100748088, 9.10199165024273, 11.238173225676663, 13.374354801110591, 15.510536376544525, 17.646717951978456, 19.782899527412383, 21.919081102846317, 24.05526267828025, 26.191444253714177, 28.327625829148108, 30.463807404582038, 32.599988980015965, 34.7361705554499, 36.87235213088383, 39.00853370631776, 41.144715281751694, 43.280896857185624, 45.417078432619554, 47.553260008053485, 49.689441583487415, 51.825623158921346, 53.961804734355276, 56.097986309789206, 58.23416788522314, 60.37034946065707, 62.506531036091, 64.64271261152494, 66.77889418695887, 68.91507576239279, 71.05125733782673, 73.18743891326065, 75.32362048869459, 77.45980206412851, 79.59598363956245, 81.73216521499637, 83.86834679043031, 86.00452836586425, 88.14070994129817, 90.2768915167321, 92.41307309216603, 94.54925466759997, 96.68543624303388, 98.82161781846783, 100.95779939390177, 103.09398096933568, 105.23016254476963, 107.36634412020354, 109.50252569563749, 111.6387072710714, 113.77488884650533, 115.91107042193926, 118.0472519973732, 120.18343357280715, 122.31961514824106, 124.455796723675, 126.59197829910892, 128.72815987454285, 130.8643414499768, 133.00052302541073, 135.13670460084464, 137.27288617627858, 139.40906775171248, 141.54524932714645, 143.6814309025804, 145.8176124780143, 147.95379405344823]}